DEPARTAMENTO,total_importe,total_consumo,cantidad_registros
LA LIBERTAD,421641345.99999666,460405552.12789977,2077885
CAJAMARCA,40586742.999999925,43197749.04269999,449233
ANCASH,36285096.2999999,40765513.7377,300035
HUANUCO,183090.70000000007,236293.6489,5953
AMAZONAS,39329.600000000006,51565.0,1547
LIMA,7098.4,7869.2,3
LAMBAYEQUE,6699.5,6890.0,158
PIURA,3590.6,3279.0,24
TUMBES,309.79999999999995,322.0,3
JUNIN,183.0,181.0,2
PASCO,52.6,52.0,1
